child_aten_op_count,cpu_end_us,cpu_memory_usage,cpu_start_us,cpu_time_total_us,device_memory_usage,device_time_total_us,id,input_shapes,is_async,is_user_annotation,key,module_hierarchy,name,parent_id,parent_name,scope,self_cpu_time_total_us,self_device_time_total_us,stack,top_child_aten_ops
11516,831310.175,0,616.316,830693.859,0,66829.80000002924,1,,False,True,profile.request,,profile.request,0,torch_profiler_generate_trace.py(820): main,7,98.7510000000475,0.0,,aten::linear x371; aten::matmul x289; aten::mm x225; aten::addmm x146; aten::mul x498; aten::bmm x112; aten::conv2d x1; aten::convolution x1
10,2471.179,0,694.908,1776.2710000000002,0,0,2,,False,True,profile.build_prompt_tokenize,,profile.build_prompt_tokenize,0,torch_profiler_generate_trace.py(347): run_request,7,96.53800000000001,0,,aten::ones_like x1; aten::unsqueeze x1; aten::empty x1; aten::fill_ x1; aten::empty_like x1; aten::detach_ x1; aten::empty_strided x1; aten::as_strided x1
0,11506.548,0,2512.897,8993.651000000002,0,0,14,,False,True,profile.load_image,,profile.load_image,0,torch_profiler_generate_trace.py(347): run_request,7,85.5460000000021,0,,
14,45053.481,0,11559.609,33493.872,0,0,15,,False,True,profile.image_preprocess_cpu,,profile.image_preprocess_cpu,0,torch_profiler_generate_trace.py(347): run_request,7,95.97299999999814,0,,aten::to x1; aten::_to_copy x1; aten::copy_ x1; aten::stack x1; aten::cat x1; aten::select x1; aten::lift_fresh x1; aten::narrow x1
19,46765.824,0,45112.995,1652.828999999998,0,66.56299999998737,31,,False,True,profile.input_h2d,,profile.input_h2d,0,torch_profiler_generate_trace.py(347): run_request,7,96.43199999999342,0.0,,aten::copy_ x5; aten::to x3; aten::_to_copy x3; aten::empty_strided x3; aten::empty_like x1; aten::expand_as x1; aten::empty x1; aten::expand x1
19,46686.096,0,45780.999,0,0,905.0969999999943,31,,False,True,profile.input_h2d,,profile.input_h2d,,,0,0,905.0969999999943,,aten::copy_ x5; aten::to x3; aten::_to_copy x3; aten::empty_strided x3; aten::empty_like x1; aten::expand_as x1; aten::empty x1; aten::expand x1
11464,830605.042,0,46813.131,783791.911,0,66762.08500002926,51,,False,True,profile.generate_total,,profile.generate_total,0,torch_profiler_generate_trace.py(347): run_request,7,85.81399999989662,0.0,,aten::linear x371; aten::matmul x289; aten::mm x225; aten::addmm x146; aten::mul x498; aten::bmm x112; aten::conv2d x1; aten::convolution x1
11464,830359.376,0,60054.918,0,0,770304.4580000001,51,,False,True,profile.generate_total,,profile.generate_total,,,0,0,770304.4580000001,,aten::linear x371; aten::matmul x289; aten::mm x225; aten::addmm x146; aten::mul x498; aten::bmm x112; aten::conv2d x1; aten::convolution x1
11464,110064.132,0,110052.867,0,0,11.264999999999418,51,,False,True,profile.generate_total,,profile.generate_total,,,0,0,11.264999999999418,,aten::linear x371; aten::matmul x289; aten::mm x225; aten::addmm x146; aten::mul x498; aten::bmm x112; aten::conv2d x1; aten::convolution x1
8429,810581.132,0,538443.26,272137.872,0,52428.592000003555,3026,,False,True,profile.forward_prefill,,profile.forward_prefill,0,torch_profiler_generate_trace.py(193): wrapped_model_forward,7,61.23899999994319,0.0,,aten::matmul x289; aten::linear x225; aten::mm x225; aten::mul x357; aten::add x309; aten::copy_ x265; aten::bmm x64; aten::to x297
8429,810738.657,0,538744.821,0,0,271993.836,3026,,False,True,profile.forward_prefill,,profile.forward_prefill,,,0,0,271993.836,,aten::matmul x289; aten::linear x225; aten::mm x225; aten::mul x357; aten::add x309; aten::copy_ x265; aten::bmm x64; aten::to x297
234,614200.912,0,540605.962,73594.94999999995,0,3017.701000000001,3085,,False,True,profile.layer00.prefill,,profile.layer00.prefill,0,torch_profiler_generate_trace.py(241): wrapped_layer_forward,7,53.02299999992829,0.0,,aten::matmul x9; aten::linear x7; aten::mm x7; aten::mul x9; aten::bmm x2; aten::softmax x1; aten::_softmax x1; aten::cat x2
234,614706.428,0,540772.752,0,0,73933.67599999998,3085,,False,True,profile.layer00.prefill,,profile.layer00.prefill,,,0,0,73933.67599999998,,aten::matmul x9; aten::linear x7; aten::mm x7; aten::mul x9; aten::bmm x2; aten::softmax x1; aten::_softmax x1; aten::cat x2
171,607984.462,0,594312.465,13671.99700000009,0,1290.1359999995911,3102,,False,True,profile.layer00.prefill.attn,,profile.layer00.prefill.attn,0,torch_profiler_generate_trace.py(293): wrapped_component_forward,7,104.9680000001099,0.0,,aten::matmul x6; aten::linear x4; aten::mm x4; aten::bmm x2; aten::softmax x1; aten::_softmax x1; aten::cat x2; aten::mul x4
171,608043.858,0,594641.627,0,0,13402.231000000029,3102,,False,True,profile.layer00.prefill.attn,,profile.layer00.prefill.attn,,,0,0,13402.231000000029,,aten::matmul x6; aten::linear x4; aten::mm x4; aten::bmm x2; aten::softmax x1; aten::_softmax x1; aten::cat x2; aten::mul x4
29,614129.388,0,608399.595,5729.793000000063,0,1587.815000000177,3291,,False,True,profile.layer00.prefill.mlp,,profile.layer00.prefill.mlp,0,torch_profiler_generate_trace.py(293): wrapped_component_forward,7,68.53000000002794,0.0,,aten::linear x3; aten::matmul x3; aten::mm x3; aten::silu x1; aten::mul x1; aten::t x3; aten::transpose x3; aten::_unsafe_view x3
29,614697.628,0,608547.561,0,0,6150.067000000039,3291,,False,True,profile.layer00.prefill.mlp,,profile.layer00.prefill.mlp,,,0,0,6150.067000000039,,aten::linear x3; aten::matmul x3; aten::mm x3; aten::silu x1; aten::mul x1; aten::t x3; aten::transpose x3; aten::_unsafe_view x3
219,617571.855,0,614828.629,2743.226000000024,0,2187.555000000517,3326,,False,True,profile.layer01.prefill,,profile.layer01.prefill,0,torch_profiler_generate_trace.py(241): wrapped_layer_forward,7,31.741999999969266,0.0,,aten::matmul x9; aten::linear x7; aten::mm x7; aten::mul x9; aten::bmm x2; aten::add x8; aten::copy_ x6; aten::to x9
219,618513.991,0,614909.669,0,0,3604.3220000000438,3326,,False,True,profile.layer01.prefill,,profile.layer01.prefill,,,0,0,3604.3220000000438,,aten::matmul x9; aten::linear x7; aten::mm x7; aten::mul x9; aten::bmm x2; aten::add x8; aten::copy_ x6; aten::to x9
156,616901.934,0,615152.213,1749.7210000000196,0,880.4870000003139,3343,,False,True,profile.layer01.prefill.attn,,profile.layer01.prefill.attn,0,torch_profiler_generate_trace.py(293): wrapped_component_forward,7,42.72299999999814,0.0,,aten::matmul x6; aten::linear x4; aten::mm x4; aten::bmm x2; aten::softmax x1; aten::_softmax x1; aten::add x4; aten::div x1
156,617001.251,0,615244.98,0,0,1756.2710000000661,3343,,False,True,profile.layer01.prefill.attn,,profile.layer01.prefill.attn,,,0,0,1756.2710000000661,,aten::matmul x6; aten::linear x4; aten::mm x4; aten::bmm x2; aten::softmax x1; aten::_softmax x1; aten::add x4; aten::div x1
29,617523.059,0,617206.175,316.8839999999618,0,1202.5499999999302,3517,,False,True,profile.layer01.prefill.mlp,,profile.layer01.prefill.mlp,0,torch_profiler_generate_trace.py(293): wrapped_component_forward,7,33.9989999999525,0.0,,aten::linear x3; aten::matmul x3; aten::mm x3; aten::mul x1; aten::silu x1; aten::t x3; aten::transpose x3; aten::reshape x3
29,618504.966,0,617298.736,0,0,1206.2299999999814,3517,,False,True,profile.layer01.prefill.mlp,,profile.layer01.prefill.mlp,,,0,0,1206.2299999999814,,aten::linear x3; aten::matmul x3; aten::mm x3; aten::mul x1; aten::silu x1; aten::t x3; aten::transpose x3; aten::reshape x3
219,621483.492,0,618599.359,2884.1329999999143,0,2168.1550000002608,3552,,False,True,profile.layer02.prefill,,profile.layer02.prefill,0,torch_profiler_generate_trace.py(241): wrapped_layer_forward,7,26.238999999826774,0.0,,aten::matmul x9; aten::linear x7; aten::mm x7; aten::mul x9; aten::bmm x2; aten::add x8; aten::copy_ x6; aten::to x9
219,622419.509,0,618688.335,0,0,3731.173999999999,3552,,False,True,profile.layer02.prefill,,profile.layer02.prefill,,,0,0,3731.173999999999,,aten::matmul x9; aten::linear x7; aten::mm x7; aten::mul x9; aten::bmm x2; aten::add x8; aten::copy_ x6; aten::to x9
156,620794.044,0,618910.469,1883.5749999999534,0,858.9780000002356,3569,,False,True,profile.layer02.prefill.attn,,profile.layer02.prefill.attn,0,torch_profiler_generate_trace.py(293): wrapped_component_forward,7,37.92099999997299,0.0,,aten::matmul x6; aten::linear x4; aten::mm x4; aten::bmm x2; aten::add x4; aten::div x1; aten::softmax x1; aten::_softmax x1
156,620898.641,0,618998.557,0,0,1900.0839999999152,3569,,False,True,profile.layer02.prefill.attn,,profile.layer02.prefill.attn,,,0,0,1900.0839999999152,,aten::matmul x6; aten::linear x4; aten::mm x4; aten::bmm x2; aten::add x4; aten::div x1; aten::softmax x1; aten::_softmax x1
29,621432.927,0,621101.39,331.5370000000112,0,1205.9100000000326,3743,,False,True,profile.layer02.prefill.mlp,,profile.layer02.prefill.mlp,0,torch_profiler_generate_trace.py(293): wrapped_component_forward,7,33.51899999997113,0.0,,aten::linear x3; aten::matmul x3; aten::mm x3; aten::mul x1; aten::silu x1; aten::t x3; aten::transpose x3; aten::reshape x3
29,622410.453,0,621200.831,0,0,1209.621999999974,3743,,False,True,profile.layer02.prefill.mlp,,profile.layer02.prefill.mlp,,,0,0,1209.621999999974,,aten::linear x3; aten::matmul x3; aten::mm x3; aten::mul x1; aten::silu x1; aten::t x3; aten::transpose x3; aten::reshape x3
219,625164.329,0,622516.625,2647.704000000027,0,2221.856000000378,3778,,False,True,profile.layer03.prefill,,profile.layer03.prefill,0,torch_profiler_generate_trace.py(241): wrapped_layer_forward,7,25.93500000005588,0.0,,aten::matmul x9; aten::linear x7; aten::mm x7; aten::copy_ x6; aten::to x9; aten::_to_copy x5; aten::mul x9; aten::bmm x2
219,626106.555,0,622586.813,0,0,3519.7420000000857,3778,,False,True,profile.layer03.prefill,,profile.layer03.prefill,,,0,0,3519.7420000000857,,aten::matmul x9; aten::linear x7; aten::mm x7; aten::copy_ x6; aten::to x9; aten::_to_copy x5; aten::mul x9; aten::bmm x2
156,624495.904,0,622811.844,1684.0599999999395,0,876.7730000001611,3795,,False,True,profile.layer03.prefill.attn,,profile.layer03.prefill.attn,0,torch_profiler_generate_trace.py(293): wrapped_component_forward,7,36.93900000001304,0.0,,aten::matmul x6; aten::linear x4; aten::mm x4; aten::bmm x2; aten::softmax x1; aten::_softmax x1; aten::add x4; aten::div x1
156,624600.791,0,622903.083,0,0,1697.7079999999842,3795,,False,True,profile.layer03.prefill.attn,,profile.layer03.prefill.attn,,,0,0,1697.7079999999842,,aten::matmul x6; aten::linear x4; aten::mm x4; aten::bmm x2; aten::softmax x1; aten::_softmax x1; aten::add x4; aten::div x1
29,625115.954,0,624799.38,316.57400000002235,0,1202.0060000000522,3969,,False,True,profile.layer03.prefill.mlp,,profile.layer03.prefill.mlp,0,torch_profiler_generate_trace.py(293): wrapped_component_forward,7,32.192000000039116,0.0,,aten::linear x3; aten::matmul x3; aten::mm x3; aten::mul x1; aten::silu x1; aten::t x3; aten::transpose x3; aten::as_strided x3
29,626097.562,0,624891.748,0,0,1205.814000000013,3969,,False,True,profile.layer03.prefill.mlp,,profile.layer03.prefill.mlp,,,0,0,1205.814000000013,,aten::linear x3; aten::matmul x3; aten::mm x3; aten::mul x1; aten::silu x1; aten::t x3; aten::transpose x3; aten::as_strided x3
219,629206.742,0,626193.041,3013.701000000001,0,2170.9170000001322,4004,,False,True,profile.layer04.prefill,,profile.layer04.prefill,0,torch_profiler_generate_trace.py(241): wrapped_layer_forward,7,27.07100000011269,0.0,,aten::matmul x9; aten::linear x7; aten::mm x7; aten::mul x9; aten::bmm x2; aten::add x8; aten::copy_ x6; aten::to x9
219,630132.175,0,626257.185,0,0,3874.9899999999907,4004,,False,True,profile.layer04.prefill,,profile.layer04.prefill,,,0,0,3874.9899999999907,,aten::matmul x9; aten::linear x7; aten::mm x7; aten::mul x9; aten::bmm x2; aten::add x8; aten::copy_ x6; aten::to x9
156,628477.026,0,626501.784,1975.2419999999693,0,862.7290000001667,4021,,False,True,profile.layer04.prefill.attn,,profile.layer04.prefill.attn,0,torch_profiler_generate_trace.py(293): wrapped_component_forward,7,45.25399999995716,0.0,,aten::matmul x6; aten::linear x4; aten::mm x4; aten::bmm x2; aten::add x4; aten::softmax x1; aten::_softmax x1; aten::div x1
156,628565.417,0,626586.032,0,0,1979.3850000000093,4021,,False,True,profile.layer04.prefill.attn,,profile.layer04.prefill.attn,,,0,0,1979.3850000000093,,aten::matmul x6; aten::linear x4; aten::mm x4; aten::bmm x2; aten::add x4; aten::softmax x1; aten::_softmax x1; aten::div x1
29,629153.118,0,628809.307,343.81099999998696,0,1204.980999999796,4195,,False,True,profile.layer04.prefill.mlp,,profile.layer04.prefill.mlp,0,torch_profiler_generate_trace.py(293): wrapped_component_forward,7,35.83399999991525,0.0,,aten::linear x3; aten::matmul x3; aten::mm x3; aten::mul x1; aten::silu x1; aten::t x3; aten::transpose x3; aten::reshape x3
29,630123.47,0,628914.584,0,0,1208.8859999999404,4195,,False,True,profile.layer04.prefill.mlp,,profile.layer04.prefill.mlp,,,0,0,1208.8859999999404,,aten::linear x3; aten::matmul x3; aten::mm x3; aten::mul x1; aten::silu x1; aten::t x3; aten::transpose x3; aten::reshape x3
219,632952.903,0,630220.509,2732.3940000000875,0,2184.1940000002505,4230,,False,True,profile.layer05.prefill,,profile.layer05.prefill,0,torch_profiler_generate_trace.py(241): wrapped_layer_forward,7,27.12200000009034,0.0,,aten::matmul x9; aten::linear x7; aten::mm x7; aten::mul x9; aten::bmm x2; aten::add x8; aten::copy_ x6; aten::softmax x1
219,633882.743,0,630287.446,0,0,3595.2970000000205,4230,,False,True,profile.layer05.prefill,,profile.layer05.prefill,,,0,0,3595.2970000000205,,aten::matmul x9; aten::linear x7; aten::mm x7; aten::mul x9; aten::bmm x2; aten::add x8; aten::copy_ x6; aten::softmax x1
156,632247.822,0,630520.013,1727.8090000000084,0,879.5560000003316,4247,,False,True,profile.layer05.prefill.attn,,profile.layer05.prefill.attn,0,torch_profiler_generate_trace.py(293): wrapped_component_forward,7,38.955000000074506,0.0,,aten::matmul x6; aten::linear x4; aten::mm x4; aten::bmm x2; aten::softmax x1; aten::_softmax x1; aten::add x4; aten::div x1
156,632350.386,0,630620.997,0,0,1729.389000000083,4247,,False,True,profile.layer05.prefill.attn,,profile.layer05.prefill.attn,,,0,0,1729.389000000083,,aten::matmul x6; aten::linear x4; aten::mm x4; aten::bmm x2; aten::softmax x1; aten::_softmax x1; aten::add x4; aten::div x1
29,632901.411,0,632567.12,334.29099999996834,0,1202.3269999998156,4421,,False,True,profile.layer05.prefill.mlp,,profile.layer05.prefill.mlp,0,torch_profiler_generate_trace.py(293): wrapped_component_forward,7,33.743000000016764,0.0,,aten::linear x3; aten::matmul x3; aten::mm x3; aten::mul x1; aten::silu x1; aten::t x3; aten::transpose x3; aten::reshape x3
29,633873.686,0,632667.488,0,0,1206.1979999999749,4421,,False,True,profile.layer05.prefill.mlp,,profile.layer05.prefill.mlp,,,0,0,1206.1979999999749,,aten::linear x3; aten::matmul x3; aten::mm x3; aten::mul x1; aten::silu x1; aten::t x3; aten::transpose x3; aten::reshape x3
203,636808.143,0,633968.337,2839.8059999999823,0,2158.657000000123,4456,,False,True,profile.layer06.prefill,,profile.layer06.prefill,0,torch_profiler_generate_trace.py(241): wrapped_layer_forward,7,27.135000000009313,0.0,,aten::matmul x9; aten::linear x7; aten::mm x7; aten::mul x9; aten::bmm x2; aten::add x8; aten::copy_ x6; aten::to x9
203,637721.123,0,634033.245,0,0,3687.878000000026,4456,,False,True,profile.layer06.prefill,,profile.layer06.prefill,,,0,0,3687.878000000026,,aten::matmul x9; aten::linear x7; aten::mm x7; aten::mul x9; aten::bmm x2; aten::add x8; aten::copy_ x6; aten::to x9
140,636085.69,0,634251.815,1833.875,0,853.2890000002226,4473,,False,True,profile.layer06.prefill.attn,,profile.layer06.prefill.attn,0,torch_profiler_generate_trace.py(293): wrapped_component_forward,7,41.38099999993574,0.0,,aten::matmul x6; aten::linear x4; aten::mm x4; aten::bmm x2; aten::add x4; aten::div x1; aten::softmax x1; aten::_softmax x1
140,636183.709,0,634342.891,0,0,1840.8180000000866,4473,,False,True,profile.layer06.prefill.attn,,profile.layer06.prefill.attn,,,0,0,1840.8180000000866,,aten::matmul x6; aten::linear x4; aten::mm x4; aten::bmm x2; aten::add x4; aten::div x1; aten::softmax x1; aten::_softmax x1
29,636754.863,0,636406.003,348.85999999998603,0,1203.5079999999143,4631,,False,True,profile.layer06.prefill.mlp,,profile.layer06.prefill.mlp,0,torch_profiler_generate_trace.py(293): wrapped_component_forward,7,36.20600000000559,0.0,,aten::linear x3; aten::matmul x3; aten::mm x3; aten::mul x1; aten::silu x1; aten::t x3; aten::transpose x3; aten::reshape x3
29,637712.418,0,636504.972,0,0,1207.4459999999963,4631,,False,True,profile.layer06.prefill.mlp,,profile.layer06.prefill.mlp,,,0,0,1207.4459999999963,,aten::linear x3; aten::matmul x3; aten::mm x3; aten::mul x1; aten::silu x1; aten::t x3; aten::transpose x3; aten::reshape x3
267,699101.027,0,637812.582,61288.44499999995,0,2349.5779999997467,4666,,False,True,profile.layer07.prefill,,profile.layer07.prefill,0,torch_profiler_generate_trace.py(241): wrapped_layer_forward,7,31.042000000015832,0.0,,aten::matmul x9; aten::linear x7; aten::mm x7; aten::mul x11; aten::add x9; aten::bmm x2; aten::copy_ x9; aten::cosine_similarity x1
267,699985.925,0,637880.969,0,0,62104.956000000006,4666,,False,True,profile.layer07.prefill,,profile.layer07.prefill,,,0,0,62104.956000000006,,aten::matmul x9; aten::linear x7; aten::mm x7; aten::mul x11; aten::add x9; aten::bmm x2; aten::copy_ x9; aten::cosine_similarity x1
204,698128.707,0,638108.862,60019.84500000009,0,1042.6069999998435,4683,,False,True,profile.layer07.prefill.attn,,profile.layer07.prefill.attn,0,torch_profiler_generate_trace.py(293): wrapped_component_forward,7,46.35600000002887,0.0,,aten::matmul x6; aten::linear x4; aten::mm x4; aten::mul x6; aten::add x5; aten::bmm x2; aten::cosine_similarity x1; aten::softmax x1
204,698212.95,0,638195.032,0,0,60017.91799999995,4683,,False,True,profile.layer07.prefill.attn,,profile.layer07.prefill.attn,,,0,0,60017.91799999995,,aten::matmul x6; aten::linear x4; aten::mm x4; aten::mul x6; aten::add x5; aten::bmm x2; aten::cosine_similarity x1; aten::softmax x1
55,697772.845,0,639686.529,58086.31599999999,0,82.18000000016764,4824,,False,True,profile.value_aware_token_selection.layer07,,profile.value_aware_token_selection.layer07,0,torch_profiler_generate_trace.py(314): wrapped_select,7,98.23199999995995,0.0,,aten::cosine_similarity x1; aten::div x2; aten::linalg_vector_norm x2; aten::mul x2; aten::clone x3; aten::copy_ x3; aten::clamp_min_ x2; aten::contiguous x1
55,697677.214,0,639762.526,0,0,57914.68800000008,4824,,False,True,profile.value_aware_token_selection.layer07,,profile.value_aware_token_selection.layer07,,,0,0,57914.68800000008,,aten::cosine_similarity x1; aten::div x2; aten::linalg_vector_norm x2; aten::mul x2; aten::clone x3; aten::copy_ x3; aten::clamp_min_ x2; aten::contiguous x1
29,699040.078,0,698617.93,422.1479999999283,0,1206.487000000081,4906,,False,True,profile.layer07.prefill.mlp,,profile.layer07.prefill.mlp,0,torch_profiler_generate_trace.py(293): wrapped_component_forward,7,61.135999999940395,0.0,,aten::linear x3; aten::matmul x3; aten::mm x3; aten::mul x1; aten::silu x1; aten::t x3; aten::transpose x3; aten::reshape x3
29,699976.965,0,698766.67,0,0,1210.2949999999255,4906,,False,True,profile.layer07.prefill.mlp,,profile.layer07.prefill.mlp,,,0,0,1210.2949999999255,,aten::linear x3; aten::matmul x3; aten::mm x3; aten::mul x1; aten::silu x1; aten::t x3; aten::transpose x3; aten::reshape x3
267,704183.271,0,700093.12,4090.1509999999544,0,2227.853000000003,4941,,False,True,profile.layer08.prefill,,profile.layer08.prefill,0,torch_profiler_generate_trace.py(241): wrapped_layer_forward,7,30.209999999962747,0.0,,aten::matmul x9; aten::linear x7; aten::mm x7; aten::mul x11; aten::copy_ x9; aten::bmm x2; aten::add x9; aten::to x9
267,705100.106,0,700170.829,0,0,4929.277000000002,4941,,False,True,profile.layer08.prefill,,profile.layer08.prefill,,,0,0,4929.277000000002,,aten::matmul x9; aten::linear x7; aten::mm x7; aten::mul x11; aten::copy_ x9; aten::bmm x2; aten::add x9; aten::to x9
204,703433.771,0,700419.361,3014.409999999916,0,920.9739999999292,4958,,False,True,profile.layer08.prefill.attn,,profile.layer08.prefill.attn,0,torch_profiler_generate_trace.py(293): wrapped_component_forward,7,37.797999999835156,0.0,,aten::matmul x6; aten::linear x4; aten::mm x4; aten::bmm x2; aten::div x3; aten::add x5; aten::cosine_similarity x1; aten::copy_ x5
204,703535.652,0,700515.229,0,0,3020.4229999999516,4958,,False,True,profile.layer08.prefill.attn,,profile.layer08.prefill.attn,,,0,0,3020.4229999999516,,aten::matmul x6; aten::linear x4; aten::mm x4; aten::bmm x2; aten::div x3; aten::add x5; aten::cosine_similarity x1; aten::copy_ x5
55,703238.589,0,702469.003,769.5860000000102,0,64.38899999985006,5099,,False,True,profile.value_aware_token_selection.layer08,,profile.value_aware_token_selection.layer08,0,torch_profiler_generate_trace.py(314): wrapped_select,7,50.46000000007916,0.0,,aten::cosine_similarity x1; aten::div x2; aten::linalg_vector_norm x2; aten::mul x2; aten::clone x3; aten::copy_ x3; aten::contiguous x1; aten::sub x1
55,703194.644,0,702542.039,0,0,652.6049999999814,5099,,False,True,profile.value_aware_token_selection.layer08,,profile.value_aware_token_selection.layer08,,,0,0,652.6049999999814,,aten::cosine_similarity x1; aten::div x2; aten::linalg_vector_norm x2; aten::mul x2; aten::clone x3; aten::copy_ x3; aten::contiguous x1; aten::sub x1
29,704129.934,0,703779.705,350.2290000000503,0,1204.0219999999972,5181,,False,True,profile.layer08.prefill.mlp,,profile.layer08.prefill.mlp,0,torch_profiler_generate_trace.py(293): wrapped_component_forward,7,35.332000000053085,0.0,,aten::linear x3; aten::matmul x3; aten::mm x3; aten::mul x1; aten::silu x1; aten::t x3; aten::transpose x3; aten::reshape x3
29,705091.241,0,703883.475,0,0,1207.7660000000615,5181,,False,True,profile.layer08.prefill.mlp,,profile.layer08.prefill.mlp,,,0,0,1207.7660000000615,,aten::linear x3; aten::matmul x3; aten::mm x3; aten::mul x1; aten::silu x1; aten::t x3; aten::transpose x3; aten::reshape x3
267,708803.514,0,705198.74,3604.773999999976,0,2376.108000000124,5216,,False,True,profile.layer09.prefill,,profile.layer09.prefill,0,torch_profiler_generate_trace.py(241): wrapped_layer_forward,7,29.06400000001304,0.0,,aten::matmul x9; aten::linear x7; aten::mm x7; aten::mul x11; aten::copy_ x9; aten::bmm x2; aten::add x9; aten::to x9
267,709713.624,0,705269.905,0,0,4443.718999999925,5216,,False,True,profile.layer09.prefill,,profile.layer09.prefill,,,0,0,4443.718999999925,,aten::matmul x9; aten::linear x7; aten::mm x7; aten::mul x11; aten::copy_ x9; aten::bmm x2; aten::add x9; aten::to x9
204,708071.957,0,705518.664,2553.2930000000633,0,1067.7270000000717,5233,,False,True,profile.layer09.prefill.attn,,profile.layer09.prefill.attn,0,torch_profiler_generate_trace.py(293): wrapped_component_forward,7,35.53099999995902,0.0,,aten::matmul x6; aten::linear x4; aten::mm x4; aten::bmm x2; aten::softmax x1; aten::_softmax x1; aten::add x5; aten::div x3
204,708175.091,0,705609.088,0,0,2566.003000000026,5233,,False,True,profile.layer09.prefill.attn,,profile.layer09.prefill.attn,,,0,0,2566.003000000026,,aten::matmul x6; aten::linear x4; aten::mm x4; aten::bmm x2; aten::softmax x1; aten::_softmax x1; aten::add x5; aten::div x3
55,707887.844,0,707259.448,628.3960000000661,0,64.45000000018626,5374,,False,True,profile.value_aware_token_selection.layer09,,profile.value_aware_token_selection.layer09,0,torch_profiler_generate_trace.py(314): wrapped_select,7,44.12800000002608,0.0,,aten::cosine_similarity x1; aten::div x2; aten::linalg_vector_norm x2; aten::mul x2; aten::clone x3; aten::copy_ x3; aten::contiguous x1; aten::sub x1
55,707848.709,0,707338.318,0,0,510.39100000006147,5374,,False,True,profile.value_aware_token_selection.layer09,,profile.value_aware_token_selection.layer09,,,0,0,510.39100000006147,,aten::cosine_similarity x1; aten::div x2; aten::linalg_vector_norm x2; aten::mul x2; aten::clone x3; aten::copy_ x3; aten::contiguous x1; aten::sub x1
29,708749.611,0,708395.42,354.1909999999916,0,1204.694000000134,5456,,False,True,profile.layer09.prefill.mlp,,profile.layer09.prefill.mlp,0,torch_profiler_generate_trace.py(293): wrapped_component_forward,7,34.39399999997113,0.0,,aten::linear x3; aten::matmul x3; aten::mm x3; aten::mul x1; aten::silu x1; aten::t x3; aten::transpose x3; aten::as_strided x3
29,709704.76,0,708496.418,0,0,1208.3420000000624,5456,,False,True,profile.layer09.prefill.mlp,,profile.layer09.prefill.mlp,,,0,0,1208.3420000000624,,aten::linear x3; aten::matmul x3; aten::mm x3; aten::mul x1; aten::silu x1; aten::t x3; aten::transpose x3; aten::as_strided x3
267,713559.959,0,709800.085,3759.874000000069,0,2229.4119999997783,5491,,False,True,profile.layer10.prefill,,profile.layer10.prefill,0,torch_profiler_generate_trace.py(241): wrapped_layer_forward,7,27.964000000152737,0.0,,aten::matmul x9; aten::linear x7; aten::mm x7; aten::mul x11; aten::bmm x2; aten::copy_ x9; aten::add x9; aten::to x9
267,714448.844,0,709867.679,0,0,4581.165000000037,5491,,False,True,profile.layer10.prefill,,profile.layer10.prefill,,,0,0,4581.165000000037,,aten::matmul x9; aten::linear x7; aten::mm x7; aten::mul x11; aten::bmm x2; aten::copy_ x9; aten::add x9; aten::to x9
204,712806.206,0,710097.196,2709.0100000000093,0,925.385999999824,5508,,False,True,profile.layer10.prefill.attn,,profile.layer10.prefill.attn,0,torch_profiler_generate_trace.py(293): wrapped_component_forward,7,34.29100000008475,0.0,,aten::matmul x6; aten::linear x4; aten::mm x4; aten::bmm x2; aten::div x3; aten::add x5; aten::cosine_similarity x1; aten::mul x6
204,712910.855,0,710183.981,0,0,2726.8739999999525,5508,,False,True,profile.layer10.prefill.attn,,profile.layer10.prefill.attn,,,0,0,2726.8739999999525,,aten::matmul x6; aten::linear x4; aten::mm x4; aten::bmm x2; aten::div x3; aten::add x5; aten::cosine_similarity x1; aten::mul x6
55,712613.116,0,712023.151,589.9650000000838,0,64.67499999981374,5649,,False,True,profile.value_aware_token_selection.layer10,,profile.value_aware_token_selection.layer10,0,torch_profiler_generate_trace.py(314): wrapped_select,7,43.58400000014808,0.0,,aten::cosine_similarity x1; aten::div x2; aten::linalg_vector_norm x2; aten::mul x2; aten::clone x3; aten::copy_ x3; aten::contiguous x1; aten::sub x1
55,712574.872,0,712093.475,0,0,481.3969999999972,5649,,False,True,profile.value_aware_token_selection.layer10,,profile.value_aware_token_selection.layer10,,,0,0,481.3969999999972,,aten::cosine_similarity x1; aten::div x2; aten::linalg_vector_norm x2; aten::mul x2; aten::clone x3; aten::copy_ x3; aten::contiguous x1; aten::sub x1
29,713506.107,0,713138.056,368.05099999997765,0,1200.5659999998752,5731,,False,True,profile.layer10.prefill.mlp,,profile.layer10.prefill.mlp,0,torch_profiler_generate_trace.py(293): wrapped_component_forward,7,38.00099999993108,0.0,,aten::linear x3; aten::matmul x3; aten::mm x3; aten::mul x1; aten::silu x1; aten::t x3; aten::transpose x3; aten::reshape x3
29,714439.916,0,713235.574,0,0,1204.341999999946,5731,,False,True,profile.layer10.prefill.mlp,,profile.layer10.prefill.mlp,,,0,0,1204.341999999946,,aten::linear x3; aten::matmul x3; aten::mm x3; aten::mul x1; aten::silu x1; aten::t x3; aten::transpose x3; aten::reshape x3
267,717906.03,0,714544.395,3361.6350000000093,0,2253.7349999992875,5766,,False,True,profile.layer11.prefill,,profile.layer11.prefill,0,torch_profiler_generate_trace.py(241): wrapped_layer_forward,7,27.486000000033528,0.0,,aten::matmul x9; aten::linear x7; aten::mm x7; aten::mul x11; aten::copy_ x9; aten::bmm x2; aten::add x9; aten::to x9
267,718820.528,0,714613.62,0,0,4206.908000000054,5766,,False,True,profile.layer11.prefill,,profile.layer11.prefill,,,0,0,4206.908000000054,,aten::matmul x9; aten::linear x7; aten::mm x7; aten::mul x11; aten::copy_ x9; aten::bmm x2; aten::add x9; aten::to x9
204,717187.466,0,714859.291,2328.1750000000466,0,943.4659999998985,5783,,False,True,profile.layer11.prefill.attn,,profile.layer11.prefill.attn,0,torch_profiler_generate_trace.py(293): wrapped_component_forward,7,33.45799999998417,0.0,,aten::matmul x6; aten::linear x4; aten::mm x4; aten::bmm x2; aten::softmax x1; aten::_softmax x1; aten::div x3; aten::add x5
204,717288.267,0,714947.138,0,0,2341.128999999957,5783,,False,True,profile.layer11.prefill.attn,,profile.layer11.prefill.attn,,,0,0,2341.128999999957,,aten::matmul x6; aten::linear x4; aten::mm x4; aten::bmm x2; aten::softmax x1; aten::_softmax x1; aten::div x3; aten::add x5
55,717013.969,0,716431.717,582.252000000095,0,64.86599999980535,5924,,False,True,profile.value_aware_token_selection.layer11,,profile.value_aware_token_selection.layer11,0,torch_profiler_generate_trace.py(314): wrapped_select,7,40.10400000016671,0.0,,aten::cosine_similarity x1; aten::div x2; aten::linalg_vector_norm x2; aten::mul x2; aten::clone x3; aten::copy_ x3; aten::contiguous x1; aten::sub x1
55,716978.429,0,716498.504,0,0,479.92500000004657,5924,,False,True,profile.value_aware_token_selection.layer11,,profile.value_aware_token_selection.layer11,,,0,0,479.92500000004657,,aten::cosine_similarity x1; aten::div x2; aten::linalg_vector_norm x2; aten::mul x2; aten::clone x3; aten::copy_ x3; aten::contiguous x1; aten::sub x1
29,717853.36,0,717503.335,350.0250000000233,0,1205.3659999999218,6006,,False,True,profile.layer11.prefill.mlp,,profile.layer11.prefill.mlp,0,torch_profiler_generate_trace.py(293): wrapped_component_forward,7,33.97199999995064,0.0,,aten::linear x3; aten::matmul x3; aten::mm x3; aten::mul x1; aten::silu x1; aten::t x3; aten::transpose x3; aten::reshape x3
29,718811.567,0,717602.553,0,0,1209.014000000083,6006,,False,True,profile.layer11.prefill.mlp,,profile.layer11.prefill.mlp,,,0,0,1209.014000000083,,aten::linear x3; aten::matmul x3; aten::mm x3; aten::mul x1; aten::silu x1; aten::t x3; aten::transpose x3; aten::reshape x3
267,722544.808,0,718905.309,3639.4989999999525,0,2348.8090000000084,6041,,False,True,profile.layer12.prefill,,profile.layer12.prefill,0,torch_profiler_generate_trace.py(241): wrapped_layer_forward,7,26.83799999987241,0.0,,aten::matmul x9; aten::linear x7; aten::mm x7; aten::mul x11; aten::bmm x2; aten::copy_ x9; aten::add x9; aten::to x9
267,723586.693,0,718971.511,0,0,4615.181999999913,6041,,False,True,profile.layer12.prefill,,profile.layer12.prefill,,,0,0,4615.181999999913,,aten::matmul x9; aten::linear x7; aten::mm x7; aten::mul x11; aten::bmm x2; aten::copy_ x9; aten::add x9; aten::to x9
204,721822.385,0,719210.96,2611.4250000000466,0,926.1199999997625,6058,,False,True,profile.layer12.prefill.attn,,profile.layer12.prefill.attn,0,torch_profiler_generate_trace.py(293): wrapped_component_forward,7,30.660000000032596,0.0,,aten::matmul x6; aten::linear x4; aten::mm x4; aten::bmm x2; aten::div x3; aten::add x5; aten::cosine_similarity x1; aten::mul x6
204,721931.899,0,719297.189,0,0,2634.7099999999627,6058,,False,True,profile.layer12.prefill.attn,,profile.layer12.prefill.attn,,,0,0,2634.7099999999627,,aten::matmul x6; aten::linear x4; aten::mm x4; aten::bmm x2; aten::div x3; aten::add x5; aten::cosine_similarity x1; aten::mul x6
55,721659.503,0,721071.852,587.6510000000708,0,64.61299999989569,6199,,False,True,profile.value_aware_token_selection.layer12,,profile.value_aware_token_selection.layer12,0,torch_profiler_generate_trace.py(314): wrapped_select,7,41.44900000013877,0.0,,aten::cosine_similarity x1; aten::div x2; aten::linalg_vector_norm x2; aten::mul x2; aten::clone x3; aten::copy_ x3; aten::contiguous x1; aten::sub x1
55,721615.853,0,721148.44,0,0,467.4130000000587,6199,,False,True,profile.value_aware_token_selection.layer12,,profile.value_aware_token_selection.layer12,,,0,0,467.4130000000587,,aten::cosine_similarity x1; aten::div x2; aten::linalg_vector_norm x2; aten::mul x2; aten::clone x3; aten::copy_ x3; aten::contiguous x1; aten::sub x1
29,722491.372,0,722150.307,341.0649999999441,0,1319.8669999999693,6281,,False,True,profile.layer12.prefill.mlp,,profile.layer12.prefill.mlp,0,torch_profiler_generate_trace.py(293): wrapped_component_forward,7,33.34600000001956,0.0,,aten::linear x3; aten::matmul x3; aten::mm x3; aten::mul x1; aten::silu x1; aten::t x3; aten::reshape x3; aten::transpose x3
29,723577.925,0,722254.442,0,0,1323.4830000000075,6281,,False,True,profile.layer12.prefill.mlp,,profile.layer12.prefill.mlp,,,0,0,1323.4830000000075,,aten::linear x3; aten::matmul x3; aten::mm x3; aten::mul x1; aten::silu x1; aten::t x3; aten::reshape x3; aten::transpose x3
267,726927.696,0,723674.541,3253.155000000028,0,2253.220000000205,6316,,False,True,profile.layer13.prefill,,profile.layer13.prefill,0,torch_profiler_generate_trace.py(241): wrapped_layer_forward,7,25.803000000072643,0.0,,aten::matmul x9; aten::linear x7; aten::mm x7; aten::mul x11; aten::bmm x2; aten::copy_ x9; aten::add x9; aten::softmax x1
267,727855.812,0,723807.375,0,0,4048.4370000000345,6316,,False,True,profile.layer13.prefill,,profile.layer13.prefill,,,0,0,4048.4370000000345,,aten::matmul x9; aten::linear x7; aten::mm x7; aten::mul x11; aten::bmm x2; aten::copy_ x9; aten::add x9; aten::softmax x1
204,726220.758,0,723963.672,2257.0860000000102,0,943.0790000001434,6333,,False,True,profile.layer13.prefill.attn,,profile.layer13.prefill.attn,0,torch_profiler_generate_trace.py(293): wrapped_component_forward,7,31.661000000080094,0.0,,aten::matmul x6; aten::linear x4; aten::mm x4; aten::bmm x2; aten::softmax x1; aten::_softmax x1; aten::div x3; aten::add x5
204,726328.032,0,724047.898,0,0,2280.133999999962,6333,,False,True,profile.layer13.prefill.attn,,profile.layer13.prefill.attn,,,0,0,2280.133999999962,,aten::matmul x6; aten::linear x4; aten::mm x4; aten::bmm x2; aten::softmax x1; aten::_softmax x1; aten::div x3; aten::add x5
55,726051.082,0,725485.005,566.0770000000484,0,64.44999999983702,6474,,False,True,profile.value_aware_token_selection.layer13,,profile.value_aware_token_selection.layer13,0,torch_profiler_generate_trace.py(314): wrapped_select,7,40.48199999995995,0.0,,aten::cosine_similarity x1; aten::div x2; aten::linalg_vector_norm x2; aten::mul x2; aten::clone x3; aten::copy_ x3; aten::contiguous x1; aten::sub x1
55,726014.546,0,725554.781,0,0,459.76500000001397,6474,,False,True,profile.value_aware_token_selection.layer13,,profile.value_aware_token_selection.layer13,,,0,0,459.76500000001397,,aten::cosine_similarity x1; aten::div x2; aten::linalg_vector_norm x2; aten::mul x2; aten::clone x3; aten::copy_ x3; aten::contiguous x1; aten::sub x1
29,726875.195,0,726532.122,343.07299999997485,0,1206.7770000000019,6556,,False,True,profile.layer13.prefill.mlp,,profile.layer13.prefill.mlp,0,torch_profiler_generate_trace.py(293): wrapped_component_forward,7,31.53899999987334,0.0,,aten::linear x3; aten::matmul x3; aten::mm x3; aten::mul x1; aten::silu x1; aten::t x3; aten::transpose x3; aten::reshape x3
29,727846.788,0,726636.205,0,0,1210.5829999999842,6556,,False,True,profile.layer13.prefill.mlp,,profile.layer13.prefill.mlp,,,0,0,1210.5829999999842,,aten::linear x3; aten::matmul x3; aten::mm x3; aten::mul x1; aten::silu x1; aten::t x3; aten::transpose x3; aten::reshape x3
267,731705.336,0,727939.912,3765.423999999999,0,2228.869999999646,6591,,False,True,profile.layer14.prefill,,profile.layer14.prefill,0,torch_profiler_generate_trace.py(241): wrapped_layer_forward,7,26.697999999974854,0.0,,aten::matmul x9; aten::linear x7; aten::mm x7; aten::mul x11; aten::bmm x2; aten::copy_ x9; aten::add x9; aten::to x9
267,732500.628,0,728008.395,0,0,4492.233000000007,6591,,False,True,profile.layer14.prefill,,profile.layer14.prefill,,,0,0,4492.233000000007,,aten::matmul x9; aten::linear x7; aten::mm x7; aten::mul x11; aten::bmm x2; aten::copy_ x9; aten::add x9; aten::to x9
204,730871.66,0,728241.175,2630.484999999986,0,920.971999999485,6608,,False,True,profile.layer14.prefill.attn,,profile.layer14.prefill.attn,0,torch_profiler_generate_trace.py(293): wrapped_component_forward,7,33.72299999999814,0.0,,aten::matmul x6; aten::linear x4; aten::mm x4; aten::bmm x2; aten::div x3; aten::add x5; aten::cosine_similarity x1; aten::mul x6
204,730976.72,0,728353.883,0,0,2622.8369999999413,6608,,False,True,profile.layer14.prefill.attn,,profile.layer14.prefill.attn,,,0,0,2622.8369999999413,,aten::matmul x6; aten::linear x4; aten::mm x4; aten::bmm x2; aten::div x3; aten::add x5; aten::cosine_similarity x1; aten::mul x6
55,730697.214,0,730112.884,584.3300000000745,0,64.73800000001211,6749,,False,True,profile.value_aware_token_selection.layer14,,profile.value_aware_token_selection.layer14,0,torch_profiler_generate_trace.py(314): wrapped_select,7,40.93700000003446,0.0,,aten::cosine_similarity x1; aten::div x2; aten::linalg_vector_norm x2; aten::mul x2; aten::clone x3; aten::copy_ x3; aten::contiguous x1; aten::sub x1
55,730660.194,0,730180.876,0,0,479.3179999999702,6749,,False,True,profile.value_aware_token_selection.layer14,,profile.value_aware_token_selection.layer14,,,0,0,479.3179999999702,,aten::cosine_similarity x1; aten::div x2; aten::linalg_vector_norm x2; aten::mul x2; aten::clone x3; aten::copy_ x3; aten::contiguous x1; aten::sub x1
29,731651.877,0,731187.469,464.4079999999376,0,1205.4300000000512,6831,,False,True,profile.layer14.prefill.mlp,,profile.layer14.prefill.mlp,0,torch_profiler_generate_trace.py(293): wrapped_component_forward,7,42.03599999984726,0.0,,aten::linear x3; aten::matmul x3; aten::mm x3; aten::mul x1; aten::silu x1; aten::t x3; aten::transpose x3; aten::reshape x3
29,732491.86,0,731282.494,0,0,1209.3660000000382,6831,,False,True,profile.layer14.prefill.mlp,,profile.layer14.prefill.mlp,,,0,0,1209.3660000000382,,aten::linear x3; aten::matmul x3; aten::mm x3; aten::mul x1; aten::silu x1; aten::t x3; aten::transpose x3; aten::reshape x3
267,735817.084,0,732580.617,3236.4670000000624,0,2250.846999999718,6866,,False,True,profile.layer15.prefill,,profile.layer15.prefill,0,torch_profiler_generate_trace.py(241): wrapped_layer_forward,7,27.003000000026077,0.0,,aten::matmul x9; aten::linear x7; aten::mm x7; aten::mul x11; aten::bmm x2; aten::copy_ x9; aten::add x9; aten::softmax x1
267,736744.242,0,732654.267,0,0,4089.9749999999767,6866,,False,True,profile.layer15.prefill,,profile.layer15.prefill,,,0,0,4089.9749999999767,,aten::matmul x9; aten::linear x7; aten::mm x7; aten::mul x11; aten::bmm x2; aten::copy_ x9; aten::add x9; aten::softmax x1
204,735119.1,0,732876.709,2242.390999999945,0,940.0679999995045,6883,,False,True,profile.layer15.prefill.attn,,profile.layer15.prefill.attn,0,torch_profiler_generate_trace.py(293): wrapped_component_forward,7,32.529999999911524,0.0,,aten::matmul x6; aten::linear x4; aten::mm x4; aten::bmm x2; aten::softmax x1; aten::_softmax x1; aten::div x3; aten::add x5
204,735225.166,0,732963.561,0,0,2261.6049999999814,6883,,False,True,profile.layer15.prefill.attn,,profile.layer15.prefill.attn,,,0,0,2261.6049999999814,,aten::matmul x6; aten::linear x4; aten::mm x4; aten::bmm x2; aten::softmax x1; aten::_softmax x1; aten::div x3; aten::add x5
55,734953.767,0,734378.4,575.3669999999693,0,64.57800000009593,7024,,False,True,profile.value_aware_token_selection.layer15,,profile.value_aware_token_selection.layer15,0,torch_profiler_generate_trace.py(314): wrapped_select,7,42.163999999989755,0.0,,aten::cosine_similarity x1; aten::div x2; aten::linalg_vector_norm x2; aten::mul x2; aten::clone x3; aten::copy_ x3; aten::contiguous x1; aten::sub x1
55,734915.712,0,734446.539,0,0,469.173000000068,7024,,False,True,profile.value_aware_token_selection.layer15,,profile.value_aware_token_selection.layer15,,,0,0,469.173000000068,,aten::cosine_similarity x1; aten::div x2; aten::linalg_vector_norm x2; aten::mul x2; aten::clone x3; aten::copy_ x3; aten::contiguous x1; aten::sub x1
29,735764.711,0,735428.379,336.3320000000531,0,1207.8310000000056,7106,,False,True,profile.layer15.prefill.mlp,,profile.layer15.prefill.mlp,0,torch_profiler_generate_trace.py(293): wrapped_component_forward,7,32.70800000010058,0.0,,aten::linear x3; aten::matmul x3; aten::mm x3; aten::mul x1; aten::silu x1; aten::t x3; aten::transpose x3; aten::reshape x3
29,736735.282,0,735523.643,0,0,1211.6389999999665,7106,,False,True,profile.layer15.prefill.mlp,,profile.layer15.prefill.mlp,,,0,0,1211.6389999999665,,aten::linear x3; aten::matmul x3; aten::mm x3; aten::mul x1; aten::silu x1; aten::t x3; aten::transpose x3; aten::reshape x3
267,740403.48,0,736832.353,3571.1269999999786,0,2339.5959999996703,7141,,False,True,profile.layer16.prefill,,profile.layer16.prefill,0,torch_profiler_generate_trace.py(241): wrapped_layer_forward,7,26.402000000001863,0.0,,aten::matmul x9; aten::linear x7; aten::mm x7; aten::cosine_similarity x1; aten::mul x11; aten::linalg_vector_norm x2; aten::bmm x2; aten::copy_ x9
267,741336.288,0,736899.801,0,0,4436.486999999965,7141,,False,True,profile.layer16.prefill,,profile.layer16.prefill,,,0,0,4436.486999999965,,aten::matmul x9; aten::linear x7; aten::mm x7; aten::cosine_similarity x1; aten::mul x11; aten::linalg_vector_norm x2; aten::bmm x2; aten::copy_ x9
204,739713.32,0,737141.94,2571.3800000000047,0,1032.2399999997579,7158,,False,True,profile.layer16.prefill.attn,,profile.layer16.prefill.attn,0,torch_profiler_generate_trace.py(293): wrapped_component_forward,7,34.50799999991432,0.0,,aten::matmul x6; aten::linear x4; aten::mm x4; aten::cosine_similarity x1; aten::linalg_vector_norm x2; aten::bmm x2; aten::sub x1; aten::div x3
204,739817.947,0,737234.952,0,0,2582.9949999999953,7158,,False,True,profile.layer16.prefill.attn,,profile.layer16.prefill.attn,,,0,0,2582.9949999999953,,aten::matmul x6; aten::linear x4; aten::mm x4; aten::cosine_similarity x1; aten::linalg_vector_norm x2; aten::bmm x2; aten::sub x1; aten::div x3
55,739528.982,0,738907.513,621.4689999999246,0,176.55099999997765,7299,,False,True,profile.value_aware_token_selection.layer16,,profile.value_aware_token_selection.layer16,0,torch_profiler_generate_trace.py(314): wrapped_select,7,42.279999999911524,0.0,,aten::cosine_similarity x1; aten::linalg_vector_norm x2; aten::sub x1; aten::div x2; aten::mul x2; aten::clone x3; aten::copy_ x3; aten::contiguous x1
55,739491.213,0,738986.039,0,0,505.17399999999907,7299,,False,True,profile.value_aware_token_selection.layer16,,profile.value_aware_token_selection.layer16,,,0,0,505.17399999999907,,aten::cosine_similarity x1; aten::linalg_vector_norm x2; aten::sub x1; aten::div x2; aten::mul x2; aten::clone x3; aten::copy_ x3; aten::contiguous x1
29,740352.298,0,740021.776,330.5219999999972,0,1204.8229999998584,7381,,False,True,profile.layer16.prefill.mlp,,profile.layer16.prefill.mlp,0,torch_profiler_generate_trace.py(293): wrapped_component_forward,7,31.663999999989755,0.0,,aten::linear x3; aten::matmul x3; aten::mm x3; aten::mul x1; aten::silu x1; aten::t x3; aten::transpose x3; aten::reshape x3
29,741327.327,0,740118.761,0,0,1208.5659999999916,7381,,False,True,profile.layer16.prefill.mlp,,profile.layer16.prefill.mlp,,,0,0,1208.5659999999916,,aten::linear x3; aten::matmul x3; aten::mm x3; aten::mul x1; aten::silu x1; aten::t x3; aten::transpose x3; aten::reshape x3
267,744865.909,0,741418.218,3447.6909999999916,0,2249.440999999875,7416,,False,True,profile.layer17.prefill,,profile.layer17.prefill,0,torch_profiler_generate_trace.py(241): wrapped_layer_forward,7,26.773000000044703,0.0,,aten::matmul x9; aten::linear x7; aten::mm x7; aten::mul x11; aten::bmm x2; aten::add x9; aten::copy_ x9; aten::softmax x1
267,745694.755,0,741484.87,0,0,4209.885000000009,7416,,False,True,profile.layer17.prefill,,profile.layer17.prefill,,,0,0,4209.885000000009,,aten::matmul x9; aten::linear x7; aten::mm x7; aten::mul x11; aten::bmm x2; aten::add x9; aten::copy_ x9; aten::softmax x1
204,744064.14,0,741730.725,2333.4150000000373,0,937.9929999999003,7433,,False,True,profile.layer17.prefill.attn,,profile.layer17.prefill.attn,0,torch_profiler_generate_trace.py(293): wrapped_component_forward,7,34.176000000094064,0.0,,aten::matmul x6; aten::linear x4; aten::mm x4; aten::bmm x2; aten::softmax x1; aten::_softmax x1; aten::div x3; aten::add x5
204,744169.022,0,741831.158,0,0,2337.863999999943,7433,,False,True,profile.layer17.prefill.attn,,profile.layer17.prefill.attn,,,0,0,2337.863999999943,,aten::matmul x6; aten::linear x4; aten::mm x4; aten::bmm x2; aten::softmax x1; aten::_softmax x1; aten::div x3; aten::add x5
55,743890.62,0,743300.128,590.4919999999693,0,65.09000000020023,7574,,False,True,profile.value_aware_token_selection.layer17,,profile.value_aware_token_selection.layer17,0,torch_profiler_generate_trace.py(314): wrapped_select,7,42.89799999992829,0.0,,aten::cosine_similarity x1; aten::div x2; aten::linalg_vector_norm x2; aten::mul x2; aten::clone x3; aten::copy_ x3; aten::contiguous x1; aten::sub x1
55,743851.888,0,743377.243,0,0,474.6450000000186,7574,,False,True,profile.value_aware_token_selection.layer17,,profile.value_aware_token_selection.layer17,,,0,0,474.6450000000186,,aten::cosine_similarity x1; aten::div x2; aten::linalg_vector_norm x2; aten::mul x2; aten::clone x3; aten::copy_ x3; aten::contiguous x1; aten::sub x1
29,744810.547,0,744380.447,430.0999999999767,0,1207.5420000000158,7656,,False,True,profile.layer17.prefill.mlp,,profile.layer17.prefill.mlp,0,torch_profiler_generate_trace.py(293): wrapped_component_forward,7,35.18700000003446,0.0,,aten::linear x3; aten::matmul x3; aten::mm x3; aten::mul x1; aten::silu x1; aten::t x3; aten::transpose x3; aten::reshape x3
29,745685.826,0,744474.604,0,0,1211.2219999999506,7656,,False,True,profile.layer17.prefill.mlp,,profile.layer17.prefill.mlp,,,0,0,1211.2219999999506,,aten::linear x3; aten::matmul x3; aten::mm x3; aten::mul x1; aten::silu x1; aten::t x3; aten::transpose x3; aten::reshape x3
287,749729.315,0,745773.364,3955.951000000001,0,2250.3750000004657,7691,,False,True,profile.layer18.prefill,,profile.layer18.prefill,0,torch_profiler_generate_trace.py(241): wrapped_layer_forward,7,27.679000000003725,0.0,,aten::matmul x9; aten::linear x7; aten::mm x7; aten::mul x11; aten::bmm x2; aten::add x10; aten::copy_ x9; aten::to x9
287,750625.376,0,745854.826,0,0,4770.550000000047,7691,,False,True,profile.layer18.prefill,,profile.layer18.prefill,,,0,0,4770.550000000047,,aten::matmul x9; aten::linear x7; aten::mm x7; aten::mul x11; aten::bmm x2; aten::add x10; aten::copy_ x9; aten::to x9
224,748974.489,0,746082.746,2891.7429999999003,0,941.6770000003744,7708,,False,True,profile.layer18.prefill.attn,,profile.layer18.prefill.attn,0,torch_profiler_generate_trace.py(293): wrapped_component_forward,7,34.8849999998929,0.0,,aten::matmul x6; aten::linear x4; aten::mm x4; aten::bmm x2; aten::div x3; aten::add x6; aten::cosine_similarity x1; aten::mul x6
224,749077.018,0,746167.384,0,0,2909.6340000000782,7708,,False,True,profile.layer18.prefill.attn,,profile.layer18.prefill.attn,,,0,0,2909.6340000000782,,aten::matmul x6; aten::linear x4; aten::mm x4; aten::bmm x2; aten::div x3; aten::add x6; aten::cosine_similarity x1; aten::mul x6
75,748788.813,0,747864.995,923.8179999999702,0,83.49500000011176,7849,,False,True,profile.value_aware_token_selection.layer18,,profile.value_aware_token_selection.layer18,0,torch_profiler_generate_trace.py(314): wrapped_select,7,45.92000000004191,0.0,,aten::cosine_similarity x1; aten::linalg_vector_norm x3; aten::div x2; aten::sub x2; aten::mul x2; aten::clone x3; aten::copy_ x3; aten::contiguous x1
75,748752.812,0,747942.663,0,0,810.1490000000922,7849,,False,True,profile.value_aware_token_selection.layer18,,profile.value_aware_token_selection.layer18,,,0,0,810.1490000000922,,aten::cosine_similarity x1; aten::linalg_vector_norm x3; aten::div x2; aten::sub x2; aten::mul x2; aten::clone x3; aten::copy_ x3; aten::contiguous x1
29,749672.675,0,749308.871,363.8040000000037,0,1205.494999999879,7952,,False,True,profile.layer18.prefill.mlp,,profile.layer18.prefill.mlp,0,torch_profiler_generate_trace.py(293): wrapped_component_forward,7,43.42399999999907,0.0,,aten::linear x3; aten::matmul x3; aten::mm x3; aten::mul x1; aten::silu x1; aten::t x3; aten::transpose x3; aten::as_strided x3
29,750616.639,0,749406.729,0,0,1209.9099999999162,7952,,False,True,profile.layer18.prefill.mlp,,profile.layer18.prefill.mlp,,,0,0,1209.9099999999162,,aten::linear x3; aten::matmul x3; aten::mm x3; aten::mul x1; aten::silu x1; aten::t x3; aten::transpose x3; aten::as_strided x3
274,766533.004,0,751398.398,15134.605999999912,0,772.4609999998938,8013,,False,True,profile.layer19.prefill,,profile.layer19.prefill,0,torch_profiler_generate_trace.py(241): wrapped_layer_forward,7,32.65899999986868,0.0,,aten::matmul x9; aten::linear x7; aten::mm x7; aten::mul x12; aten::cosine_similarity x1; aten::add x10; aten::copy_ x9; aten::mean x2
274,766507.75,0,751470.981,0,0,15036.768999999971,8013,,False,True,profile.layer19.prefill,,profile.layer19.prefill,,,0,0,15036.768999999971,,aten::matmul x9; aten::linear x7; aten::mm x7; aten::mul x12; aten::cosine_similarity x1; aten::add x10; aten::copy_ x9; aten::mean x2
211,755017.419,0,751723.251,3294.167999999947,0,282.70899999979883,8030,,False,True,profile.layer19.prefill.attn,,profile.layer19.prefill.attn,0,torch_profiler_generate_trace.py(293): wrapped_component_forward,7,35.54700000002049,0.0,,aten::matmul x6; aten::linear x4; aten::mm x4; aten::cosine_similarity x1; aten::mul x7; aten::bmm x2; aten::add x6; aten::linalg_vector_norm x2
211,755016.452,0,751861.783,0,0,3154.6689999999944,8030,,False,True,profile.layer19.prefill.attn,,profile.layer19.prefill.attn,,,0,0,3154.6689999999944,,aten::matmul x6; aten::linear x4; aten::mm x4; aten::cosine_similarity x1; aten::mul x7; aten::bmm x2; aten::add x6; aten::linalg_vector_norm x2
59,754832.124,0,754122.197,709.9269999999087,0,37.02799999981653,8174,,False,True,profile.value_aware_token_selection.layer19,,profile.value_aware_token_selection.layer19,0,torch_profiler_generate_trace.py(314): wrapped_select,7,46.82199999992736,0.0,,aten::cosine_similarity x1; aten::linalg_vector_norm x2; aten::clone x3; aten::copy_ x3; aten::div x2; aten::sum x1; aten::mul x2; aten::clamp_min_ x2
59,754790.745,0,754191.902,0,0,598.8429999999935,8174,,False,True,profile.value_aware_token_selection.layer19,,profile.value_aware_token_selection.layer19,,,0,0,598.8429999999935,,aten::cosine_similarity x1; aten::linalg_vector_norm x2; aten::clone x3; aten::copy_ x3; aten::div x2; aten::sum x1; aten::mul x2; aten::clamp_min_ x2
29,766440.962,0,755344.778,11096.184000000008,0,447.92299999983516,8260,,False,True,profile.layer19.prefill.mlp,,profile.layer19.prefill.mlp,0,torch_profiler_generate_trace.py(293): wrapped_component_forward,7,59.603000000002794,0.0,,aten::linear x3; aten::matmul x3; aten::mm x3; aten::mul x1; aten::silu x1; aten::t x3; aten::transpose x3; aten::reshape x3
29,766330.398,0,755464.408,0,0,10865.98999999999,8260,,False,True,profile.layer19.prefill.mlp,,profile.layer19.prefill.mlp,,,0,0,10865.98999999999,,aten::linear x3; aten::matmul x3; aten::mm x3; aten::mul x1; aten::silu x1; aten::t x3; aten::transpose x3; aten::reshape x3
274,771077.348,0,766953.613,4123.734999999986,0,643.2280000000028,8303,,False,True,profile.layer20.prefill,,profile.layer20.prefill,0,torch_profiler_generate_trace.py(241): wrapped_layer_forward,7,35.21799999999348,0.0,,aten::matmul x9; aten::linear x7; aten::mm x7; aten::mul x12; aten::cosine_similarity x1; aten::add x10; aten::copy_ x9; aten::mean x2
274,771109.108,0,767047.134,0,0,4061.9740000000456,8303,,False,True,profile.layer20.prefill,,profile.layer20.prefill,,,0,0,4061.9740000000456,,aten::matmul x9; aten::linear x7; aten::mm x7; aten::mul x12; aten::cosine_similarity x1; aten::add x10; aten::copy_ x9; aten::mean x2
211,770018.902,0,767311.656,2707.246000000043,0,264.2990000001155,8320,,False,True,profile.layer20.prefill.attn,,profile.layer20.prefill.attn,0,torch_profiler_generate_trace.py(293): wrapped_component_forward,7,38.978000000002794,0.0,,aten::matmul x6; aten::linear x4; aten::mm x4; aten::cosine_similarity x1; aten::mul x7; aten::add x6; aten::linalg_vector_norm x2; aten::copy_ x5
211,770018.339,0,767452.016,0,0,2566.3230000000913,8320,,False,True,profile.layer20.prefill.attn,,profile.layer20.prefill.attn,,,0,0,2566.3230000000913,,aten::matmul x6; aten::linear x4; aten::mm x4; aten::cosine_similarity x1; aten::mul x7; aten::add x6; aten::linalg_vector_norm x2; aten::copy_ x5
59,769832.117,0,769119.175,712.9419999999227,0,36.574999999953434,8464,,False,True,profile.value_aware_token_selection.layer20,,profile.value_aware_token_selection.layer20,0,torch_profiler_generate_trace.py(314): wrapped_select,7,53.10699999995995,0.0,,aten::cosine_similarity x1; aten::linalg_vector_norm x2; aten::div x2; aten::clone x3; aten::copy_ x3; aten::sum x1; aten::clamp_min_ x2; aten::mul x2
59,769786.649,0,769198.847,0,0,587.8020000000251,8464,,False,True,profile.value_aware_token_selection.layer20,,profile.value_aware_token_selection.layer20,,,0,0,587.8020000000251,,aten::cosine_similarity x1; aten::linalg_vector_norm x2; aten::div x2; aten::clone x3; aten::copy_ x3; aten::sum x1; aten::clamp_min_ x2; aten::mul x2
29,771022.626,0,770619.447,403.1790000000037,0,336.5590000000084,8550,,False,True,profile.layer20.prefill.mlp,,profile.layer20.prefill.mlp,0,torch_profiler_generate_trace.py(293): wrapped_component_forward,7,49.87100000004284,0.0,,aten::linear x3; aten::matmul x3; aten::mm x3; aten::mul x1; aten::silu x1; aten::t x3; aten::transpose x3; aten::reshape x3
29,771106.356,0,770745.603,0,0,360.7530000000261,8550,,False,True,profile.layer20.prefill.mlp,,profile.layer20.prefill.mlp,,,0,0,360.7530000000261,,aten::linear x3; aten::matmul x3; aten::mm x3; aten::mul x1; aten::silu x1; aten::t x3; aten::transpose x3; aten::reshape x3
274,774895.308,0,771385.466,3509.841999999946,0,668.3500000004424,8593,,False,True,profile.layer21.prefill,,profile.layer21.prefill,0,torch_profiler_generate_trace.py(241): wrapped_layer_forward,7,27.110999999917112,0.0,,aten::matmul x9; aten::linear x7; aten::mm x7; aten::mul x12; aten::cosine_similarity x1; aten::bmm x2; aten::add x10; aten::copy_ x9
274,774933.471,0,771457.188,0,0,3476.283000000054,8593,,False,True,profile.layer21.prefill,,profile.layer21.prefill,,,0,0,3476.283000000054,,aten::matmul x9; aten::linear x7; aten::mm x7; aten::mul x12; aten::cosine_similarity x1; aten::bmm x2; aten::add x10; aten::copy_ x9
211,774133.54,0,771707.54,2426.0,0,289.16800000017975,8610,,False,True,profile.layer21.prefill.attn,,profile.layer21.prefill.attn,0,torch_profiler_generate_trace.py(293): wrapped_component_forward,7,35.50099999993108,0.0,,aten::matmul x6; aten::linear x4; aten::mm x4; aten::cosine_similarity x1; aten::bmm x2; aten::mul x7; aten::div x3; aten::add x6
211,774134.779,0,771801.363,0,0,2333.4159999999683,8610,,False,True,profile.layer21.prefill.attn,,profile.layer21.prefill.attn,,,0,0,2333.4159999999683,,aten::matmul x6; aten::linear x4; aten::mm x4; aten::cosine_similarity x1; aten::bmm x2; aten::mul x7; aten::div x3; aten::add x6
59,773958.742,0,773318.546,640.1959999999963,0,36.837999999988824,8754,,False,True,profile.value_aware_token_selection.layer21,,profile.value_aware_token_selection.layer21,0,torch_profiler_generate_trace.py(314): wrapped_select,7,45.572999999974854,0.0,,aten::cosine_similarity x1; aten::linalg_vector_norm x2; aten::clone x3; aten::copy_ x3; aten::div x2; aten::sum x1; aten::clamp_min_ x2; aten::mul x2
59,773917.874,0,773387.898,0,0,529.9759999999078,8754,,False,True,profile.value_aware_token_selection.layer21,,profile.value_aware_token_selection.layer21,,,0,0,529.9759999999078,,aten::cosine_similarity x1; aten::linalg_vector_norm x2; aten::clone x3; aten::copy_ x3; aten::div x2; aten::sum x1; aten::clamp_min_ x2; aten::mul x2
29,774841.587,0,774451.887,389.70000000006985,0,337.1660000003176,8840,,False,True,profile.layer21.prefill.mlp,,profile.layer21.prefill.mlp,0,torch_profiler_generate_trace.py(293): wrapped_component_forward,7,41.3660000001546,0.0,,aten::linear x3; aten::matmul x3; aten::mm x3; aten::mul x1; aten::silu x1; aten::t x3; aten::transpose x3; aten::reshape x3
29,774930.751,0,774557.39,0,0,373.3610000000335,8840,,False,True,profile.layer21.prefill.mlp,,profile.layer21.prefill.mlp,,,0,0,373.3610000000335,,aten::linear x3; aten::matmul x3; aten::mm x3; aten::mul x1; aten::silu x1; aten::t x3; aten::transpose x3; aten::reshape x3
274,778782.929,0,775187.114,3595.8150000000605,0,642.1399999995483,8883,,False,True,profile.layer22.prefill,,profile.layer22.prefill,0,torch_profiler_generate_trace.py(241): wrapped_layer_forward,7,28.393000000040047,0.0,,aten::matmul x9; aten::linear x7; aten::mm x7; aten::mul x12; aten::cosine_similarity x1; aten::add x10; aten::copy_ x9; aten::mean x2
274,778796.492,0,775255.886,0,0,3540.6059999999125,8883,,False,True,profile.layer22.prefill,,profile.layer22.prefill,,,0,0,3540.6059999999125,,aten::matmul x9; aten::linear x7; aten::mm x7; aten::mul x12; aten::cosine_similarity x1; aten::add x10; aten::copy_ x9; aten::mean x2
211,777795.111,0,775491.806,2303.305000000051,0,264.68299999961164,8900,,False,True,profile.layer22.prefill.attn,,profile.layer22.prefill.attn,0,torch_profiler_generate_trace.py(293): wrapped_component_forward,7,35.0679999999702,0.0,,aten::matmul x6; aten::linear x4; aten::mm x4; aten::cosine_similarity x1; aten::mul x7; aten::add x6; aten::linalg_vector_norm x2; aten::copy_ x5
211,777795.263,0,775581.82,0,0,2213.4430000000866,8900,,False,True,profile.layer22.prefill.attn,,profile.layer22.prefill.attn,,,0,0,2213.4430000000866,,aten::matmul x6; aten::linear x4; aten::mm x4; aten::cosine_similarity x1; aten::mul x7; aten::add x6; aten::linalg_vector_norm x2; aten::copy_ x5
59,777611.654,0,776988.342,623.3120000000345,0,36.609999999636784,9044,,False,True,profile.value_aware_token_selection.layer22,,profile.value_aware_token_selection.layer22,0,torch_profiler_generate_trace.py(314): wrapped_select,7,45.13500000000931,0.0,,aten::cosine_similarity x1; aten::linalg_vector_norm x2; aten::div x2; aten::clone x3; aten::copy_ x3; aten::sum x1; aten::clamp_min_ x2; aten::mul x2
59,777571.061,0,777057.214,0,0,513.8469999999506,9044,,False,True,profile.value_aware_token_selection.layer22,,profile.value_aware_token_selection.layer22,,,0,0,513.8469999999506,,aten::cosine_similarity x1; aten::linalg_vector_norm x2; aten::div x2; aten::clone x3; aten::copy_ x3; aten::sum x1; aten::clamp_min_ x2; aten::mul x2
29,778727.79,0,778339.965,387.82500000006985,0,335.5349999999162,9130,,False,True,profile.layer22.prefill.mlp,,profile.layer22.prefill.mlp,0,torch_profiler_generate_trace.py(293): wrapped_component_forward,7,35.86900000006426,0.0,,aten::linear x3; aten::matmul x3; aten::mm x3; aten::mul x1; aten::silu x1; aten::t x3; aten::transpose x3; aten::reshape x3
29,778793.836,0,778440.956,0,0,352.88000000000466,9130,,False,True,profile.layer22.prefill.mlp,,profile.layer22.prefill.mlp,,,0,0,352.88000000000466,,aten::linear x3; aten::matmul x3; aten::mm x3; aten::mul x1; aten::silu x1; aten::t x3; aten::transpose x3; aten::reshape x3
274,782482.705,0,779063.498,3419.2069999999367,0,642.1090000002878,9173,,False,True,profile.layer23.prefill,,profile.layer23.prefill,0,torch_profiler_generate_trace.py(241): wrapped_layer_forward,7,28.162999999825843,0.0,,aten::matmul x9; aten::linear x7; aten::mm x7; aten::mul x12; aten::cosine_similarity x1; aten::add x10; aten::copy_ x9; aten::mean x2
274,782524.979,0,779131.163,0,0,3393.816000000108,9173,,False,True,profile.layer23.prefill,,profile.layer23.prefill,,,0,0,3393.816000000108,,aten::matmul x9; aten::linear x7; aten::mm x7; aten::mul x12; aten::cosine_similarity x1; aten::add x10; aten::copy_ x9; aten::mean x2
211,781753.866,0,779363.069,2390.7970000000205,0,264.4610000002431,9190,,False,True,profile.layer23.prefill.attn,,profile.layer23.prefill.attn,0,torch_profiler_generate_trace.py(293): wrapped_component_forward,7,33.2510000000475,0.0,,aten::matmul x6; aten::linear x4; aten::mm x4; aten::cosine_similarity x1; aten::mul x7; aten::add x6; aten::linalg_vector_norm x2; aten::copy_ x5
211,781755.888,0,779450.249,0,0,2305.639000000083,9190,,False,True,profile.layer23.prefill.attn,,profile.layer23.prefill.attn,,,0,0,2305.639000000083,,aten::matmul x6; aten::linear x4; aten::mm x4; aten::cosine_similarity x1; aten::mul x7; aten::add x6; aten::linalg_vector_norm x2; aten::copy_ x5
59,781574.318,0,780965.531,608.7870000000112,0,36.64100000052713,9334,,False,True,profile.value_aware_token_selection.layer23,,profile.value_aware_token_selection.layer23,0,torch_profiler_generate_trace.py(314): wrapped_select,7,45.81400000001304,0.0,,aten::cosine_similarity x1; aten::linalg_vector_norm x2; aten::div x2; aten::clone x3; aten::copy_ x3; aten::sum x1; aten::clamp_min_ x2; aten::mul x2
59,781534.471,0,781035.504,0,0,498.9670000000624,9334,,False,True,profile.value_aware_token_selection.layer23,,profile.value_aware_token_selection.layer23,,,0,0,498.9670000000624,,aten::cosine_similarity x1; aten::linalg_vector_norm x2; aten::div x2; aten::clone x3; aten::copy_ x3; aten::sum x1; aten::clamp_min_ x2; aten::mul x2
29,782429.113,0,782075.977,353.1360000000568,0,335.8869999999879,9420,,False,True,profile.layer23.prefill.mlp,,profile.layer23.prefill.mlp,0,torch_profiler_generate_trace.py(293): wrapped_component_forward,7,34.489000000059605,0.0,,aten::linear x3; aten::matmul x3; aten::mm x3; aten::mul x1; aten::silu x1; aten::t x3; aten::transpose x3; aten::reshape x3
29,782522.227,0,782172.611,0,0,349.61599999992177,9420,,False,True,profile.layer23.prefill.mlp,,profile.layer23.prefill.mlp,,,0,0,349.61599999992177,,aten::linear x3; aten::matmul x3; aten::mm x3; aten::mul x1; aten::silu x1; aten::t x3; aten::transpose x3; aten::reshape x3
274,786320.854,0,782774.96,3545.8940000000875,0,647.872000000556,9463,,False,True,profile.layer24.prefill,,profile.layer24.prefill,0,torch_profiler_generate_trace.py(241): wrapped_layer_forward,7,26.71500000008382,0.0,,aten::matmul x9; aten::linear x7; aten::mm x7; aten::mul x12; aten::cosine_similarity x1; aten::add x10; aten::copy_ x9; aten::mean x2
274,786344.254,0,782840.801,0,0,3503.4529999999795,9463,,False,True,profile.layer24.prefill,,profile.layer24.prefill,,,0,0,3503.4529999999795,,aten::matmul x9; aten::linear x7; aten::mm x7; aten::mul x12; aten::cosine_similarity x1; aten::add x10; aten::copy_ x9; aten::mean x2
211,785321.73,0,783068.212,2253.5179999999236,0,264.6860000004526,9480,,False,True,profile.layer24.prefill.attn,,profile.layer24.prefill.attn,0,torch_profiler_generate_trace.py(293): wrapped_component_forward,7,33.02699999988545,0.0,,aten::matmul x6; aten::linear x4; aten::mm x4; aten::cosine_similarity x1; aten::mul x7; aten::add x6; aten::linalg_vector_norm x2; aten::copy_ x5
211,785324.528,0,783154.383,0,0,2170.1450000000186,9480,,False,True,profile.layer24.prefill.attn,,profile.layer24.prefill.attn,,,0,0,2170.1450000000186,,aten::matmul x6; aten::linear x4; aten::mm x4; aten::cosine_similarity x1; aten::mul x7; aten::add x6; aten::linalg_vector_norm x2; aten::copy_ x5
59,785149.225,0,784522.781,626.4440000000177,0,36.54399999976158,9624,,False,True,profile.value_aware_token_selection.layer24,,profile.value_aware_token_selection.layer24,0,torch_profiler_generate_trace.py(314): wrapped_select,7,43.51300000003539,0.0,,aten::cosine_similarity x1; aten::linalg_vector_norm x2; aten::clone x3; aten::copy_ x3; aten::div x2; aten::sum x1; aten::clamp_min_ x2; aten::mul x2
59,785109.798,0,784597.36,0,0,512.4379999999655,9624,,False,True,profile.value_aware_token_selection.layer24,,profile.value_aware_token_selection.layer24,,,0,0,512.4379999999655,,aten::cosine_similarity x1; aten::linalg_vector_norm x2; aten::clone x3; aten::copy_ x3; aten::div x2; aten::sum x1; aten::clamp_min_ x2; aten::mul x2
29,786268.759,0,785824.592,444.16700000001583,0,341.00800000003073,9710,,False,True,profile.layer24.prefill.mlp,,profile.layer24.prefill.mlp,0,torch_profiler_generate_trace.py(293): wrapped_component_forward,7,34.491999999969266,0.0,,aten::linear x3; aten::matmul x3; aten::mm x3; aten::mul x1; aten::silu x1; aten::t x3; aten::transpose x3; aten::as_strided x3
29,786341.534,0,785925.547,0,0,415.9869999999646,9710,,False,True,profile.layer24.prefill.mlp,,profile.layer24.prefill.mlp,,,0,0,415.9869999999646,,aten::linear x3; aten::matmul x3; aten::mm x3; aten::mul x1; aten::silu x1; aten::t x3; aten::transpose x3; aten::as_strided x3
274,789930.12,0,786596.919,3333.201000000001,0,708.7059999998892,9753,,False,True,profile.layer25.prefill,,profile.layer25.prefill,0,torch_profiler_generate_trace.py(241): wrapped_layer_forward,7,27.044999999925494,0.0,,aten::matmul x9; aten::linear x7; aten::mm x7; aten::mean x2; aten::mul x12; aten::cosine_similarity x1; aten::copy_ x9; aten::add x10
274,789970.784,0,786687.693,0,0,3283.091000000015,9753,,False,True,profile.layer25.prefill,,profile.layer25.prefill,,,0,0,3283.091000000015,,aten::matmul x9; aten::linear x7; aten::mm x7; aten::mean x2; aten::mul x12; aten::cosine_similarity x1; aten::copy_ x9; aten::add x10
211,789201.788,0,786925.174,2276.613999999943,0,268.4960000003921,9770,,False,True,profile.layer25.prefill.attn,,profile.layer25.prefill.attn,0,torch_profiler_generate_trace.py(293): wrapped_component_forward,7,34.5669999999227,0.0,,aten::matmul x6; aten::linear x4; aten::mm x4; aten::cosine_similarity x1; aten::mul x7; aten::add x6; aten::linalg_vector_norm x2; aten::copy_ x5
211,789204.606,0,787014.428,0,0,2190.1780000000726,9770,,False,True,profile.layer25.prefill.attn,,profile.layer25.prefill.attn,,,0,0,2190.1780000000726,,aten::matmul x6; aten::linear x4; aten::mm x4; aten::cosine_similarity x1; aten::mul x7; aten::add x6; aten::linalg_vector_norm x2; aten::copy_ x5
59,789025.394,0,788401.228,624.1659999999683,0,36.64300000027288,9914,,False,True,profile.value_aware_token_selection.layer25,,profile.value_aware_token_selection.layer25,0,torch_profiler_generate_trace.py(314): wrapped_select,7,45.47299999988172,0.0,,aten::cosine_similarity x1; aten::linalg_vector_norm x2; aten::div x2; aten::clone x3; aten::copy_ x3; aten::sum x1; aten::clamp_min_ x2; aten::mul x2
59,788984.212,0,788468.285,0,0,515.9270000000251,9914,,False,True,profile.value_aware_token_selection.layer25,,profile.value_aware_token_selection.layer25,,,0,0,515.9270000000251,,aten::cosine_similarity x1; aten::linalg_vector_norm x2; aten::div x2; aten::clone x3; aten::copy_ x3; aten::sum x1; aten::clamp_min_ x2; aten::mul x2
29,789878.27,0,789513.641,364.6290000000736,0,330.60499999974854,10000,,False,True,profile.layer25.prefill.mlp,,profile.layer25.prefill.mlp,0,torch_profiler_generate_trace.py(293): wrapped_component_forward,7,33.64300000004005,0.0,,aten::linear x3; aten::matmul x3; aten::mm x3; aten::mul x1; aten::silu x1; aten::t x3; aten::transpose x3; aten::reshape x3
29,789968.0,0,789623.889,0,0,344.1110000000335,10000,,False,True,profile.layer25.prefill.mlp,,profile.layer25.prefill.mlp,,,0,0,344.1110000000335,,aten::linear x3; aten::matmul x3; aten::mm x3; aten::mul x1; aten::silu x1; aten::t x3; aten::transpose x3; aten::reshape x3
274,793843.039,0,790211.263,3631.7759999999544,0,643.1630000006407,10043,,False,True,profile.layer26.prefill,,profile.layer26.prefill,0,torch_profiler_generate_trace.py(241): wrapped_layer_forward,7,27.972999999998137,0.0,,aten::matmul x9; aten::linear x7; aten::mm x7; aten::mul x12; aten::cosine_similarity x1; aten::add x10; aten::copy_ x9; aten::mean x2
274,793878.511,0,790275.342,0,0,3603.169000000111,10043,,False,True,profile.layer26.prefill,,profile.layer26.prefill,,,0,0,3603.169000000111,,aten::matmul x9; aten::linear x7; aten::mm x7; aten::mul x12; aten::cosine_similarity x1; aten::add x10; aten::copy_ x9; aten::mean x2
211,792881.967,0,790492.278,2389.6889999998966,0,263.9790000000503,10060,,False,True,profile.layer26.prefill.attn,,profile.layer26.prefill.attn,0,torch_profiler_generate_trace.py(293): wrapped_component_forward,7,34.30599999986589,0.0,,aten::matmul x6; aten::linear x4; aten::mm x4; aten::cosine_similarity x1; aten::mul x7; aten::add x6; aten::linalg_vector_norm x2; aten::copy_ x5
211,792881.218,0,790591.26,0,0,2289.957999999984,10060,,False,True,profile.layer26.prefill.attn,,profile.layer26.prefill.attn,,,0,0,2289.957999999984,,aten::matmul x6; aten::linear x4; aten::mm x4; aten::cosine_similarity x1; aten::mul x7; aten::add x6; aten::linalg_vector_norm x2; aten::copy_ x5
59,792696.201,0,791999.511,696.6899999999441,0,36.482999999658205,10204,,False,True,profile.value_aware_token_selection.layer26,,profile.value_aware_token_selection.layer26,0,torch_profiler_generate_trace.py(314): wrapped_select,7,45.86199999996461,0.0,,aten::cosine_similarity x1; aten::linalg_vector_norm x2; aten::clone x3; aten::copy_ x3; aten::div x2; aten::sum x1; aten::clamp_min_ x2; aten::mul x2
59,792655.128,0,792067.838,0,0,587.2900000000373,10204,,False,True,profile.value_aware_token_selection.layer26,,profile.value_aware_token_selection.layer26,,,0,0,587.2900000000373,,aten::cosine_similarity x1; aten::linalg_vector_norm x2; aten::clone x3; aten::copy_ x3; aten::div x2; aten::sum x1; aten::clamp_min_ x2; aten::mul x2
29,793788.127,0,793408.396,379.73100000002887,0,337.13500000024214,10290,,False,True,profile.layer26.prefill.mlp,,profile.layer26.prefill.mlp,0,torch_profiler_generate_trace.py(293): wrapped_component_forward,7,40.097000000067055,0.0,,aten::linear x3; aten::matmul x3; aten::mm x3; aten::mul x1; aten::silu x1; aten::t x3; aten::transpose x3; aten::reshape x3
29,793875.887,0,793514.303,0,0,361.58400000003166,10290,,False,True,profile.layer26.prefill.mlp,,profile.layer26.prefill.mlp,,,0,0,361.58400000003166,,aten::linear x3; aten::matmul x3; aten::mm x3; aten::mul x1; aten::silu x1; aten::t x3; aten::transpose x3; aten::reshape x3
274,797433.418,0,794135.711,3297.7069999999367,0,641.4640000002692,10333,,False,True,profile.layer27.prefill,,profile.layer27.prefill,0,torch_profiler_generate_trace.py(241): wrapped_layer_forward,7,28.405999999959022,0.0,,aten::matmul x9; aten::linear x7; aten::mm x7; aten::mul x12; aten::cosine_similarity x1; aten::add x10; aten::copy_ x9; aten::mean x2
274,797482.032,0,794200.926,0,0,3281.106000000029,10333,,False,True,profile.layer27.prefill,,profile.layer27.prefill,,,0,0,3281.106000000029,,aten::matmul x9; aten::linear x7; aten::mm x7; aten::mul x12; aten::cosine_similarity x1; aten::add x10; aten::copy_ x9; aten::mean x2
211,796716.46,0,794430.317,2286.1429999999236,0,263.9150000005029,10350,,False,True,profile.layer27.prefill.attn,,profile.layer27.prefill.attn,0,torch_profiler_generate_trace.py(293): wrapped_component_forward,7,36.69599999987986,0.0,,aten::matmul x6; aten::linear x4; aten::mm x4; aten::cosine_similarity x1; aten::mul x7; aten::add x6; aten::linalg_vector_norm x2; aten::copy_ x5
211,796709.87,0,794518.316,0,0,2191.5540000000037,10350,,False,True,profile.layer27.prefill.attn,,profile.layer27.prefill.attn,,,0,0,2191.5540000000037,,aten::matmul x6; aten::linear x4; aten::mm x4; aten::cosine_similarity x1; aten::mul x7; aten::add x6; aten::linalg_vector_norm x2; aten::copy_ x5
59,796525.783,0,795910.04,615.7430000000168,0,36.67099999997299,10494,,False,True,profile.value_aware_token_selection.layer27,,profile.value_aware_token_selection.layer27,0,torch_profiler_generate_trace.py(314): wrapped_select,7,45.83900000003632,0.0,,aten::cosine_similarity x1; aten::linalg_vector_norm x2; aten::div x2; aten::clone x3; aten::copy_ x3; aten::sum x1; aten::clamp_min_ x2; aten::mul x2
59,796484.9,0,795978.413,0,0,506.487000000081,10494,,False,True,profile.value_aware_token_selection.layer27,,profile.value_aware_token_selection.layer27,,,0,0,506.487000000081,,aten::cosine_similarity x1; aten::linalg_vector_norm x2; aten::div x2; aten::clone x3; aten::copy_ x3; aten::sum x1; aten::clamp_min_ x2; aten::mul x2
29,797376.365,0,797024.996,351.36899999994785,0,335.5989999999292,10580,,False,True,profile.layer27.prefill.mlp,,profile.layer27.prefill.mlp,0,torch_profiler_generate_trace.py(293): wrapped_component_forward,7,33.63500000000931,0.0,,aten::linear x3; aten::matmul x3; aten::mm x3; aten::mul x1; aten::silu x1; aten::t x3; aten::transpose x3; aten::reshape x3
29,797479.184,0,797132.033,0,0,347.15099999995437,10580,,False,True,profile.layer27.prefill.mlp,,profile.layer27.prefill.mlp,,,0,0,347.15099999995437,,aten::linear x3; aten::matmul x3; aten::mm x3; aten::mul x1; aten::silu x1; aten::t x3; aten::transpose x3; aten::reshape x3
215,800856.33,0,797842.923,3013.4070000000065,0,605.7569999998668,10637,,False,True,profile.layer28.prefill,,profile.layer28.prefill,0,torch_profiler_generate_trace.py(241): wrapped_layer_forward,7,29.9670000000624,0.0,,aten::matmul x9; aten::linear x7; aten::mm x7; aten::mul x10; aten::add x10; aten::mean x2; aten::copy_ x6; aten::bmm x2
215,800863.56,0,797907.971,0,0,2955.5890000000363,10637,,False,True,profile.layer28.prefill,,profile.layer28.prefill,,,0,0,2955.5890000000363,,aten::matmul x9; aten::linear x7; aten::mm x7; aten::mul x10; aten::add x10; aten::mean x2; aten::copy_ x6; aten::bmm x2
152,800037.38,0,798132.44,1904.9400000000605,0,231.01899999950547,10654,,False,True,profile.layer28.prefill.attn,,profile.layer28.prefill.attn,0,torch_profiler_generate_trace.py(293): wrapped_component_forward,7,41.320999999996275,0.0,,aten::matmul x6; aten::linear x4; aten::mm x4; aten::add x6; aten::bmm x2; aten::mul x5; aten::cat x2; aten::item x5
152,800029.122,0,798250.803,0,0,1778.3190000000177,10654,,False,True,profile.layer28.prefill.attn,,profile.layer28.prefill.attn,,,0,0,1778.3190000000177,,aten::matmul x6; aten::linear x4; aten::mm x4; aten::add x6; aten::bmm x2; aten::mul x5; aten::cat x2; aten::item x5
29,800796.155,0,800384.318,411.83700000005774,0,334.2240000003949,10824,,False,True,profile.layer28.prefill.mlp,,profile.layer28.prefill.mlp,0,torch_profiler_generate_trace.py(293): wrapped_component_forward,7,37.55200000014156,0.0,,aten::linear x3; aten::matmul x3; aten::mm x3; aten::mul x1; aten::silu x1; aten::t x3; aten::transpose x3; aten::reshape x3
29,800860.84,0,800497.879,0,0,362.96100000001024,10824,,False,True,profile.layer28.prefill.mlp,,profile.layer28.prefill.mlp,,,0,0,362.96100000001024,,aten::linear x3; aten::matmul x3; aten::mm x3; aten::mul x1; aten::silu x1; aten::t x3; aten::transpose x3; aten::reshape x3
215,804010.676,0,801163.754,2846.9220000000205,0,601.4070000001229,10867,,False,True,profile.layer29.prefill,,profile.layer29.prefill,0,torch_profiler_generate_trace.py(241): wrapped_layer_forward,7,29.0,0.0,,aten::matmul x9; aten::linear x7; aten::mm x7; aten::mul x10; aten::add x10; aten::mean x2; aten::copy_ x6; aten::to x9
215,804052.15,0,801234.136,0,0,2818.0139999999665,10867,,False,True,profile.layer29.prefill,,profile.layer29.prefill,,,0,0,2818.0139999999665,,aten::matmul x9; aten::linear x7; aten::mm x7; aten::mul x10; aten::add x10; aten::mean x2; aten::copy_ x6; aten::to x9
152,803107.885,0,801481.488,1626.3969999999972,0,226.6689999999944,10884,,False,True,profile.layer29.prefill.attn,,profile.layer29.prefill.attn,0,torch_profiler_generate_trace.py(293): wrapped_component_forward,7,39.021999999997206,0.0,,aten::matmul x6; aten::linear x4; aten::mm x4; aten::add x6; aten::mul x5; aten::cat x2; aten::bmm x2; aten::item x5
152,803106.54,0,801574.408,0,0,1532.1319999999832,10884,,False,True,profile.layer29.prefill.attn,,profile.layer29.prefill.attn,,,0,0,1532.1319999999832,,aten::matmul x6; aten::linear x4; aten::mm x4; aten::add x6; aten::mul x5; aten::cat x2; aten::bmm x2; aten::item x5
29,803956.349,0,803598.358,357.9910000000382,0,333.9980000000214,11054,,False,True,profile.layer29.prefill.mlp,,profile.layer29.prefill.mlp,0,torch_profiler_generate_trace.py(293): wrapped_component_forward,7,33.63000000000466,0.0,,aten::linear x3; aten::matmul x3; aten::mm x3; aten::mul x1; aten::silu x1; aten::t x3; aten::transpose x3; aten::reshape x3
29,804049.59,0,803704.295,0,0,345.2949999999255,11054,,False,True,profile.layer29.prefill.mlp,,profile.layer29.prefill.mlp,,,0,0,345.2949999999255,,aten::linear x3; aten::matmul x3; aten::mm x3; aten::mul x1; aten::silu x1; aten::t x3; aten::transpose x3; aten::reshape x3
215,807021.661,0,804290.143,2731.5179999999236,0,605.5920000007609,11097,,False,True,profile.layer30.prefill,,profile.layer30.prefill,0,torch_profiler_generate_trace.py(241): wrapped_layer_forward,7,26.49199999985285,0.0,,aten::matmul x9; aten::linear x7; aten::mm x7; aten::mul x10; aten::add x10; aten::mean x2; aten::copy_ x6; aten::to x9
215,807052.38,0,804356.42,0,0,2695.9599999999627,11097,,False,True,profile.layer30.prefill,,profile.layer30.prefill,,,0,0,2695.9599999999627,,aten::matmul x9; aten::linear x7; aten::mm x7; aten::mul x10; aten::add x10; aten::mean x2; aten::copy_ x6; aten::to x9
152,806272.305,0,804585.995,1686.3100000000559,0,233.32100000046194,11114,,False,True,profile.layer30.prefill.attn,,profile.layer30.prefill.attn,0,torch_profiler_generate_trace.py(293): wrapped_component_forward,7,40.739000000059605,0.0,,aten::matmul x6; aten::linear x4; aten::mm x4; aten::add x6; aten::mul x5; aten::item x5; aten::_local_scalar_dense x5; aten::cat x2
152,806285.146,0,804688.402,0,0,1596.7439999999478,11114,,False,True,profile.layer30.prefill.attn,,profile.layer30.prefill.attn,,,0,0,1596.7439999999478,,aten::matmul x6; aten::linear x4; aten::mm x4; aten::add x6; aten::mul x5; aten::item x5; aten::_local_scalar_dense x5; aten::cat x2
29,806968.597,0,806592.292,376.3049999999348,0,331.2460000003921,11284,,False,True,profile.layer30.prefill.mlp,,profile.layer30.prefill.mlp,0,torch_profiler_generate_trace.py(293): wrapped_component_forward,7,34.30299999983981,0.0,,aten::linear x3; aten::matmul x3; aten::mm x3; aten::mul x1; aten::silu x1; aten::t x3; aten::transpose x3; aten::reshape x3
29,807049.692,0,806696.684,0,0,353.00800000003073,11284,,False,True,profile.layer30.prefill.mlp,,profile.layer30.prefill.mlp,,,0,0,353.00800000003073,,aten::linear x3; aten::matmul x3; aten::mm x3; aten::mul x1; aten::silu x1; aten::t x3; aten::transpose x3; aten::reshape x3
215,809913.784,0,807306.2,2607.5840000000317,0,598.8080000001937,11327,,False,True,profile.layer31.prefill,,profile.layer31.prefill,0,torch_profiler_generate_trace.py(241): wrapped_layer_forward,7,28.381999999983236,0.0,,aten::matmul x9; aten::linear x7; aten::mm x7; aten::mul x10; aten::add x10; aten::mean x2; aten::copy_ x6; aten::to x9
215,809951.966,0,807370.155,0,0,2581.810999999987,11327,,False,True,profile.layer31.prefill,,profile.layer31.prefill,,,0,0,2581.810999999987,,aten::matmul x9; aten::linear x7; aten::mm x7; aten::mul x10; aten::add x10; aten::mean x2; aten::copy_ x6; aten::to x9
152,809180.895,0,807595.665,1585.2299999999814,0,226.44100000010803,11344,,False,True,profile.layer31.prefill.attn,,profile.layer31.prefill.attn,0,torch_profiler_generate_trace.py(293): wrapped_component_forward,7,39.63699999998789,0.0,,aten::matmul x6; aten::linear x4; aten::mm x4; aten::add x6; aten::mul x5; aten::cat x2; aten::item x5; aten::_local_scalar_dense x5
152,809177.307,0,807691.321,0,0,1485.9860000000335,11344,,False,True,profile.layer31.prefill.attn,,profile.layer31.prefill.attn,,,0,0,1485.9860000000335,,aten::matmul x6; aten::linear x4; aten::mm x4; aten::add x6; aten::mul x5; aten::cat x2; aten::item x5; aten::_local_scalar_dense x5
29,809858.972,0,809499.126,359.84599999990314,0,332.1110000000335,11514,,False,True,profile.layer31.prefill.mlp,,profile.layer31.prefill.mlp,0,torch_profiler_generate_trace.py(293): wrapped_component_forward,7,34.44499999983236,0.0,,aten::linear x3; aten::matmul x3; aten::mm x3; aten::mul x1; aten::silu x1; aten::t x3; aten::transpose x3; aten::as_strided x3
29,809949.374,0,809592.974,0,0,356.39999999990687,11514,,False,True,profile.layer31.prefill.mlp,,profile.layer31.prefill.mlp,,,0,0,356.39999999990687,,aten::linear x3; aten::matmul x3; aten::mm x3; aten::mul x1; aten::silu x1; aten::t x3; aten::transpose x3; aten::as_strided x3
11516,830820.452,0,830819.3,0,0,1.1520000000018626,1,,False,True,profile.request,,profile.request,,,0,0,1.1520000000018626,,aten::linear x371; aten::matmul x289; aten::mm x225; aten::addmm x146; aten::mul x498; aten::bmm x112; aten::conv2d x1; aten::convolution x1
